Name,label
IMG_20180623_072148.jpg,29397
IMG_20180623_114420.jpg,9764
IMG_20180627_091325.jpg,916
IMG_20180623_142115.jpg,37682
IMG_20180623_073135.jpg,31700
IMG_20180623_122408.jpg,4561
IMG_20180623_134242.jpg,23940
IMG_20180623_130756.jpg,153
IMG_20180623_110323.jpg,30266
IMG_20180623_144148.jpg,55258
IMG_20180623_101825.jpg,5405
IMG_20180623_112124.jpg,33698
IMG_20180623_171324.jpg,66094
IMG_20180623_082737.jpg,43036
IMG_20180623_111836.jpg,35847
IMG_20180623_073651.jpg,985
IMG_20180623_070358.jpg,5564
IMG_20180623_075744.jpg,15018
IMG_20180623_150843.jpg,33972
IMG_20180623_140311.jpg,18586
IMG_20180623_075157.jpg,5695
IMG_20180623_074249.jpg,21705
IMG_20180623_071331.jpg,49307
IMG_20180623_165422.jpg,25925
IMG_20180623_080445.jpg,8745
IMG_20180623_092247.jpg,15707
IMG_20180623_114750.jpg,26271
IMG_20180623_065624.jpg,40796
IMG_20180623_091835.jpg,31095
IMG_20180623_105927.jpg,8329
IMG_20180623_075634.jpg,5803
IMG_20180623_123302.jpg,77367
IMG_20180623_081947.jpg,20165
IMG_20180623_124135.jpg,1374
IMG_20180623_131538.jpg,52650
IMG_20180623_164840.jpg,13791
IMG_20180623_090903.jpg,38137
IMG_20180623_071733.jpg,55205
IMG_20180623_132226.jpg,-1
IMG_20180623_100243.jpg,11070
IMG_20180623_102454.jpg,4550
IMG_20180627_074533.jpg,18372
IMG_20180623_111659.jpg,25312
IMG_20180623_072301.jpg,13620
IMG_20180623_070258.jpg,2831
IMG_20180623_081855.jpg,20457
IMG_20180623_110802.jpg,56854
IMG_20180623_092814.jpg,6009
IMG_20180623_140952.jpg,56783
IMG_20180623_111738.jpg,36983
IMG_20180623_133610.jpg,48469
IMG_20180623_073208.jpg,985
IMG_20180623_115600.jpg,17747
IMG_20180623_075121.jpg,4016
IMG_20180623_100757.jpg,21919
IMG_20180623_092209.jpg,30363
IMG_20180623_141938.jpg,37218
IMG_20180623_132849.jpg,13545
IMG_20180623_103316.jpg,6153
IMG_20180623_073626.jpg,29471
IMG_20180627_103419.jpg,-1
IMG_20180623_074014.jpg,32374
IMG_20180623_081506.jpg,6996
IMG_20180623_124838.jpg,-1
IMG_20180623_135538.jpg,491
IMG_20180623_171408.jpg,3019
IMG_20180623_152212.jpg,29860
IMG_20180623_102347.jpg,10515
IMG_20180623_140821.jpg,10443
IMG_20180623_122726.jpg,18107
IMG_20180623_065653.jpg,15052
IMG_20180623_102019.jpg,12813
IMG_20180623_121818.jpg,19949
IMG_20180623_082816.jpg,16941
IMG_20180623_092146.jpg,23755
IMG_20180623_092807.jpg,24573
IMG_20180623_063626.jpg,4348
IMG_20180623_124544.jpg,4448
IMG_20180623_070303.jpg,19233
IMG_20180623_112828.jpg,34131
IMG_20180623_123411.jpg,21046
IMG_20180623_110756.jpg,43062
IMG_20180623_085229.jpg,22128
IMG_20180623_083114.jpg,10097
IMG_20180623_160933.jpg,1895
IMG_20180623_082008.jpg,12359
IMG_20180623_143052.jpg,41053
IMG_20180623_132331.jpg,2840
IMG_20180623_164611.jpg,866
IMG_20180623_072701.jpg,21685
IMG_20180623_071234.jpg,2048
IMG_20180623_070658.jpg,18725
IMG_20180623_123758.jpg,31442
IMG_20180623_074600.jpg,5868
IMG_20180623_073806.jpg,48131
IMG_20180623_082633.jpg,88509
IMG_20180623_080839.jpg,37591
IMG_20180623_075442.jpg,32279
IMG_20180623_090357.jpg,19421
IMG_20180623_115822.jpg,1534
IMG_20180623_122917.jpg,59539
IMG_20180623_120857.jpg,49875
IMG_20180623_110200.jpg,23911
IMG_20180623_151328.jpg,10583
IMG_20180623_165728.jpg,45176
IMG_20180623_100417.jpg,29749
IMG_20180623_153715.jpg,22821
IMG_20180623_101735.jpg,32790
IMG_20180623_132328.jpg,4124
IMG_20180623_121432.jpg,21873
IMG_20180623_131224.jpg,30542
IMG_20180623_093646.jpg,37204
IMG_20180623_090429.jpg,23581
IMG_20180623_142751.jpg,43213
IMG_20180623_140620.jpg,19895
IMG_20180623_072109.jpg,-1
IMG_20180623_073940.jpg,32703
IMG_20180623_145438.jpg,18933
IMG_20180623_170440.jpg,761
IMG_20180623_125333.jpg,17074
IMG_20180623_161217.jpg,70921
IMG_20180623_105949.jpg,29781
IMG_20180623_071004.jpg,22773
IMG_20180623_161029.jpg,49094
IMG_20180623_090946.jpg,21523
IMG_20180623_091654.jpg,71237
IMG_20180623_090210.jpg,1093
IMG_20180623_130844.jpg,7797
IMG_20180623_105425.jpg,24944
IMG_20180623_070904.jpg,21561
IMG_20180623_070938.jpg,15147
IMG_20180623_095422.jpg,16204
IMG_20180627_100652.jpg,62991
IMG_20180623_080205.jpg,44159
IMG_20180623_154901.jpg,6837
IMG_20180623_074352.jpg,7376
IMG_20180623_160643.jpg,11472
IMG_20180623_094932.jpg,42049
IMG_20180623_171014.jpg,6776
IMG_20180623_091902.jpg,32023
IMG_20180623_120449.jpg,15470
IMG_20180623_101136.jpg,13356
IMG_20180623_115816.jpg,6946
IMG_20180623_132932.jpg,3348
IMG_20180623_161359.jpg,14392
IMG_20180623_130710.jpg,22216
IMG_20180623_161239.jpg,13705
IMG_20180623_074351.jpg,14249
IMG_20180623_141301.jpg,29609
IMG_20180623_133556.jpg,28601
IMG_20180623_104305.jpg,31750
IMG_20180623_094716.jpg,23734
IMG_20180623_132700.jpg,12490
IMG_20180623_111442.jpg,9524
IMG_20180627_110008.jpg,13750
IMG_20180623_133109.jpg,67687
IMG_20180623_110920.jpg,21224
IMG_20180623_140326.jpg,46288
IMG_20180623_110459.jpg,25109
IMG_20180623_160814.jpg,11754
IMG_20180623_100138.jpg,21015
IMG_20180623_123722.jpg,37063
IMG_20180623_081143.jpg,11567
IMG_20180623_142652.jpg,4087
IMG_20180623_075954.jpg,44839
IMG_20180623_075559.jpg,31975
IMG_20180623_071924.jpg,23589
IMG_20180623_080049.jpg,7880
IMG_20180623_092459.jpg,17785
IMG_20180623_070345.jpg,39233
IMG_20180623_090058.jpg,46387
IMG_20180623_110843.jpg,1891
IMG_20180623_105532.jpg,28592
IMG_20180623_102856.jpg,16157
IMG_20180623_133453.jpg,80495
IMG_20180623_172631.jpg,16230
IMG_20180623_095041.jpg,3270
IMG_20180623_080458.jpg,20394
IMG_20180623_080302.jpg,9524
IMG_20180623_084612.jpg,9524
IMG_20180623_153412.jpg,20857
IMG_20180623_134310.jpg,12663
IMG_20180623_142443.jpg,4636
IMG_20180623_154037.jpg,5160
IMG_20180623_124249.jpg,9095
IMG_20180623_072542.jpg,3530
IMG_20180627_081448.jpg,21712
IMG_20180623_130822.jpg,1093
IMG_20180623_070009.jpg,1004
IMG_20180623_090248.jpg,1011
IMG_20180623_110312.jpg,18947
IMG_20180623_071713.jpg,19929
IMG_20180623_120548.jpg,8775
IMG_20180623_072554.jpg,24073
IMG_20180623_141439.jpg,7048
IMG_20180623_081807.jpg,8809
IMG_20180623_083037.jpg,119
IMG_20180623_074118.jpg,15942
IMG_20180623_082117.jpg,5782
IMG_20180623_111031.jpg,18064
IMG_20180623_080304.jpg,9010